LLENAJE Y DESHIDRATADOS;1
FABRICACION Y ENVASADO DE UHT;2
GERENCIA DE ASEGURAMIENTO DE LA CALIDAD;2
PLANIFICACION Y LOGISTICA MP;1
GERENCIA DE SEGURIDAD;2
GERENCIA DE TRANSPORTE;2
GERENCIA DE TALENTO HUMANO;1
GERENCIA DE ADMINISTRACION Y FINANZAS;2
SERVICIOS GENERALES;2
MANTENIMIENTO INDUSTRIAL;1
GERENCIAS DE PLANTA;2
GERENCIA DE SERVICIOS AGROPECUARIOS;2
GERENCIA DE MANTENIMIENTO;1
SEGURIDAD SALUD LABORAL Y AMBIENTE;2
GERENCIA DE TECNOLOGIA DE INFORMACION;2
GERENCIA DE OPERACIONES COMERCIALES;1
