10000000;SOTO DIAZ;OMAR JUAN;ANALISTA 0;LLENAJE Y DESHIDRATADOS;NO
10000137;GOMEZ ROJAS;ANA EVA;ANALISTA 1;FABRICACION Y ENVASADO DE UHT;SI
10000274;VERA PEREZ;JOSE MARIA;ANALISTA 2;GERENCIA DE ASEGURAMIENTO DE LA CALIDAD;SI
10000411;PEREZ GOMEZ;OMAR OMAR;ANALISTA 3;PLANIFICACION Y LOGISTICA MP;SI
10000548;GOMEZ RUIZ;ANA JOSE;ANALISTA 4;GERENCIA DE SEGURIDAD;SI
10000685;LARA PEREZ;CARLA ANA;ANALISTA 5;GERENCIA DE TRANSPORTE;SI
10000822;RUIZ VERA;JUAN CARLA;ANALISTA 6;GERENCIA DE TALENTO HUMANO;SI
10000959;VERA LARA;JUAN MARIA;ANALISTA 7;GERENCIA DE ADMINISTRACION Y FINANZAS;SI
10001096;PEREZ ROJAS;LUIS PEDRO;ANALISTA 8;SERVICIOS GENERALES;SI
10001233;LARA DIAZ;JOSE ANA;ANALISTA 9;MANTENIMIENTO INDUSTRIAL;SI
10001370;VERA MORA;JOSE LUIS;ANALISTA 10;GERENCIAS DE PLANTA;SI
10001507;GOMEZ VERA;CARLA MARIA;ANALISTA 11;GERENCIA DE SERVICIOS AGROPECUARIOS;NO
10001644;SOTO GOMEZ;JOSE ANA;ANALISTA 12;GERENCIA DE MANTENIMIENTO;SI
10001781;VERA PEREZ;CARLA MARIA;ANALISTA 13;SEGURIDAD SALUD LABORAL Y AMBIENTE;SI
10001918;PEÑA ROJAS;OMAR EVA;ANALISTA 14;GERENCIA DE TECNOLOGIA DE INFORMACION;SI
10002055;PEÑA VERA;LAURA EVA;ANALISTA 15;GERENCIA DE OPERACIONES COMERCIALES;SI
10002192;MORA RUIZ;LUIS MARIA;ANALISTA 16;LLENAJE Y DESHIDRATADOS;SI
10002329;GOMEZ VERA;PEDRO JOSE;ANALISTA 17;FABRICACION Y ENVASADO DE UHT;SI
10002466;PEÑA SOTO;LAURA PEDRO;ANALISTA 18;GERENCIA DE ASEGURAMIENTO DE LA CALIDAD;SI
10002603;VERA GOMEZ;ANA JOSE;ANALISTA 19;PLANIFICACION Y LOGISTICA MP;SI
10002740;LARA DIAZ;EVA LUIS;ANALISTA 20;GERENCIA DE SEGURIDAD;SI
10002877;PEÑA LARA;JUAN ANA;ANALISTA 21;GERENCIA DE TRANSPORTE;SI
10003014;ROJAS VERA;EVA EVA;ANALISTA 22;GERENCIA DE TALENTO HUMANO;NO
10003151;SOTO VERA;LAURA CARLA;ANALISTA 23;GERENCIA DE ADMINISTRACION Y FINANZAS;SI
10003288;PEÑA GOMEZ;ANA PEDRO;ANALISTA 24;SERVICIOS GENERALES;SI
10003425;PEÑA GOMEZ;JUAN PEDRO;ANALISTA 25;MANTENIMIENTO INDUSTRIAL;SI
10003562;VERA PEÑA;PEDRO OMAR;ANALISTA 26;GERENCIAS DE PLANTA;SI
10003699;SOTO PEREZ;LAURA EVA;ANALISTA 27;GERENCIA DE SERVICIOS AGROPECUARIOS;SI
10003836;DIAZ VERA;ANA LAURA;ANALISTA 28;GERENCIA DE MANTENIMIENTO;SI
10003973;PEREZ RUIZ;PEDRO LUIS;ANALISTA 29;SEGURIDAD SALUD LABORAL Y AMBIENTE;SI
10004110;RUIZ LARA;OMAR LAURA;ANALISTA 30;GERENCIA DE TECNOLOGIA DE INFORMACION;SI
10004247;GOMEZ DIAZ;LAURA OMAR;ANALISTA 31;GERENCIA DE OPERACIONES COMERCIALES;SI
10004384;ROJAS MORA;LUIS OMAR;ANALISTA 32;LLENAJE Y DESHIDRATADOS;SI
10004521;ROJAS MORA;OMAR EVA;ANALISTA 33;FABRICACION Y ENVASADO DE UHT;NO
10004658;LARA RUIZ;LUIS ANA;ANALISTA 34;GERENCIA DE ASEGURAMIENTO DE LA CALIDAD;SI
10004795;DIAZ DIAZ;MARIA MARIA;ANALISTA 35;PLANIFICACION Y LOGISTICA MP;SI
10004932;PEREZ PEÑA;CARLA LUIS;ANALISTA 36;GERENCIA DE SEGURIDAD;SI
10005069;MORA MORA;JUAN LUIS;ANALISTA 37;GERENCIA DE TRANSPORTE;SI
10005206;LARA ROJAS;EVA CARLA;ANALISTA 38;GERENCIA DE TALENTO HUMANO;SI
10005343;VERA SOTO;LUIS JOSE;ANALISTA 39;GERENCIA DE ADMINISTRACION Y FINANZAS;SI
10005480;VERA PEREZ;LAURA JOSE;ANALISTA 40;SERVICIOS GENERALES;SI
10005617;LARA LARA;OMAR OMAR;ANALISTA 41;MANTENIMIENTO INDUSTRIAL;SI
10005754;GOMEZ PEÑA;OMAR JUAN;ANALISTA 42;GERENCIAS DE PLANTA;SI
10005891;RUIZ GOMEZ;MARIA LAURA;ANALISTA 43;GERENCIA DE SERVICIOS AGROPECUARIOS;SI
10006028;DIAZ GOMEZ;EVA CARLA;ANALISTA 44;GERENCIA DE MANTENIMIENTO;NO
10006165;PEREZ GOMEZ;JUAN CARLA;ANALISTA 45;SEGURIDAD SALUD LABORAL Y AMBIENTE;SI
10006302;DIAZ ROJAS;ANA EVA;ANALISTA 46;GERENCIA DE TECNOLOGIA DE INFORMACION;SI
10006439;VERA PEREZ;ANA MARIA;ANALISTA 47;GERENCIA DE OPERACIONES COMERCIALES;SI
10006576;VERA LARA;LUIS PEDRO;ANALISTA 48;LLENAJE Y DESHIDRATADOS;SI
10006713;SOTO VERA;EVA LAURA;ANALISTA 49;FABRICACION Y ENVASADO DE UHT;SI
10006850;GOMEZ GOMEZ;LAURA LAURA;ANALISTA 50;GERENCIA DE ASEGURAMIENTO DE LA CALIDAD;SI
10006987;PEÑA PEÑA;PEDRO ANA;ANALISTA 51;PLANIFICACION Y LOGISTICA MP;SI
10007124;DIAZ GOMEZ;EVA PEDRO;ANALISTA 52;GERENCIA DE SEGURIDAD;SI
10007261;PEÑA DIAZ;JOSE JUAN;ANALISTA 53;GERENCIA DE TRANSPORTE;SI
10007398;RUIZ ROJAS;EVA LUIS;ANALISTA 54;GERENCIA DE TALENTO HUMANO;SI
10007535;ROJAS PEREZ;JOSE PEDRO;ANALISTA 55;GERENCIA DE ADMINISTRACION Y FINANZAS;NO
10007672;GOMEZ MORA;JOSE EVA;ANALISTA 56;SERVICIOS GENERALES;SI
10007809;DIAZ SOTO;MARIA JOSE;ANALISTA 57;MANTENIMIENTO INDUSTRIAL;SI
10007946;ROJAS ROJAS;EVA MARIA;ANALISTA 58;GERENCIAS DE PLANTA;SI
10008083;VERA RUIZ;MARIA OMAR;ANALISTA 59;GERENCIA DE SERVICIOS AGROPECUARIOS;SI
28624356-1;PEDROZO  SANCHEZ;YALEXY;ANALISTA;GERENCIA DE TRANSPORTE;SI
